date,ndvi_mean,ndvi_min,ndvi_max,ndre_mean,ndre_min,ndre_max,msavi_mean,msavi_min,msavi_max,reci_mean,reci_min,reci_max,evi_mean,evi_min,evi_max,cab_mean,cab_min,cab_max
4/1/2021,0.240996224,0.134851143,0.374704182,0.175448368,0.088522762,0.274814636,0.740894267,0.6347585,0.874589194,0.66451735,0.311740905,1.19848609,1.393900458,0.532994924,2.810640563,295.9136663,127.4392362,579.3239971
4/6/2021,0.241037076,0.114190526,0.394548059,0.181873357,0.081375554,0.299465239,0.740925318,0.614082812,0.894419739,0.667316875,0.257821977,1.303317547,3.053343885,-19.20391061,23.86100386,861.2343206,-2192.8787,6558.8958
4/11/2021,0.032251175,-0.033568174,0.088833749,0.029805595,-0.062638171,0.094127916,0.532224163,0.466399613,0.588797221,0.067253774,-0.064955898,0.1949891,2.0429076,-17.18309859,128.75,1449.988924,-2086.768079,84859.539
4/16/2021,0.062964735,-0.00129842,0.254095972,0.055348839,-0.013060457,0.265010715,0.562924258,0.498674601,0.75402287,0.147018047,-0.002593473,0.681310117,-0.284941412,-6.199726512,1.355291577,-24.69483002,-985.5666817,286.1883645
4/21/2021,0.287863141,0.165277377,0.470630199,0.220756764,0.113736264,0.383135766,0.78776453,0.665181779,0.970514802,0.834368739,0.396005511,1.778077245,69.79225307,-252.0031056,1487.5,412213.4216,-2321.912733,8401757.419
4/26/2021,0.271531987,0.165700406,0.480953544,0.212728464,0.123586729,0.379736722,0.771430711,0.665610662,0.980833026,0.772173322,0.397220433,1.853219748,100.7049375,-20.26970954,2001.666667,732759.4379,-2236.762829,15085071.6
5/1/2021,0.035917589,-0.000988045,0.11104577,0.031426604,-0.007289596,0.130040377,0.535892076,0.498987304,0.611015828,0.075456531,-0.001974139,0.249834627,-1.577415414,-54.09722222,2.491762745,-126.8821188,-635.0945398,1448.846222
5/6/2021,0.025154187,0.018026093,0.037435103,0.032760573,0.023735603,0.043518096,0.525129393,0.518000299,0.537410629,0.051644365,0.036713995,0.077781983,-0.242015028,-0.29252669,-0.188306284,-17.63331628,-26.93743278,-7.723735766
5/11/2021,0.115914395,0.103642508,0.127341539,0.091494792,0.079123326,0.099231049,0.615856509,0.603585844,0.627282187,0.26233156,0.231252626,0.291847348,-0.888159025,-1.157584172,-0.695996276,-135.1623699,-183.3373972,-100.5674623
5/16/2021,0.272200477,0.103985339,0.650494337,0.216279618,0.078480296,0.502302229,0.772094243,0.603847035,1.150362111,0.866946583,0.232106343,3.722368479,1.447284455,0.314214905,7.108040201,311.6424451,86.03884686,1535.681651
5/21/2021,0.086078588,0.05605381,0.106803499,0.0737658,0.03846154,0.092,0.586042216,0.556019182,0.60676506,0.188752222,0.118764848,0.23914893,-0.936402921,-3.228120516,-0.615598072,-143.2928832,-535.3652085,-85.99079964
5/26/2021,0.284525426,0.151207119,0.446205169,0.214247286,0.104667418,0.350999773,0.78441803,0.6511037,0.946073662,0.830254822,0.35628742,1.611445785,1.968883338,0.591797705,9.108967083,419.6551613,138.6265969,2027.25106
5/31/2021,0.113316316,0.08142589,0.131138489,0.083287506,0.048190579,0.104525864,0.613258993,0.581371354,0.63108046,0.255909374,0.177287579,0.301862836,-0.894551002,-1.249529545,-0.668312132,-136.2463371,-199.6377559,-95.55352452
6/5/2021,0.174824948,0.026133092,0.305042803,0.13433305,-0.016018413,0.246790275,0.674639027,0.526046085,0.804821036,0.437997824,0.053668965,0.877875865,0.318266201,-6.450185393,11.89393939,117.666375,-1020.522569,2773.551672
6/10/2021,0.265800001,0.122475855,0.448447764,0.194936986,0.081183933,0.317666471,0.765714861,0.62240755,0.948340319,0.758661121,0.279139578,1.626129866,1.27273188,0.456807452,26.51724138,282.2789957,112.982164,7544.65454
6/15/2021,0.162677146,0.035159994,0.246784404,0.167213825,0.038030561,0.244256914,0.662611073,0.535129794,0.746703009,0.398850047,0.072882548,0.655282259,-0.756356425,-1.77202421,1.501128668,-110.9700475,-291.0883537,314.8615081
6/20/2021,0.169220257,0.117647059,0.284628868,0.143649733,0.101325996,0.237473249,0.669134436,0.617567393,0.784537157,0.409832535,0.266666681,0.795751631,-1.10172696,-1.946132168,-0.650780379,-173.2816138,-321.1165595,-92.37539825
6/25/2021,0.000954733,-0.002406295,0.003682186,0.021693586,0.019072209,0.026269408,0.50093429,0.497573411,0.50366158,0.00191499,-0.004801035,0.00739159,-0.007227528,-0.02665561,0.018417025,25.84938077,22.23541368,30.62305947
6/30/2021,0.08018964,0.059477486,0.11269667,0.079035265,0.057523128,0.109620288,0.580147173,0.559438616,0.612640629,0.174700595,0.12647754,0.254020631,-0.93877853,-10.13452915,5.928074246,-122.8042466,-1481.918557,1259.580695
7/5/2021,0.180261526,0.107222222,0.678846657,0.155229076,0.098136283,0.531635046,0.680202537,0.607180057,1.178748962,0.477015206,0.240199134,4.227554321,-5.074207388,-81.04166667,13.46456693,639.5829262,-1423.620407,9060.341292
7/10/2021,0.01461291,0.009196248,0.020619527,0.025457307,0.021244453,0.034844868,0.514589028,0.509172836,0.52059502,0.029671232,0.018563207,0.042107288,-0.114341534,-0.16613564,-0.079051383,5.961485639,-3.626146438,12.50374519
7/15/2021,0.094151857,0.068735398,0.139924735,0.098645169,0.061298873,0.128080532,0.594103557,0.568687964,0.639870008,0.208517453,0.14761734,0.325377882,-0.680025713,-1.293103448,-0.471922589,-97.50589882,-207.3409881,-59.82338154
7/20/2021,-0.010674659,-0.025605105,0.018162353,0.011669552,-0.004056957,0.053656228,0.489306029,0.474376435,0.518142542,-0.021032488,-0.049931705,0.036996659,0.089865792,-0.080236431,0.314478252,43.96431519,12.28387494,86.08846943
7/25/2021,0.194720755,0.157585189,0.361774743,0.155323164,0.115333334,0.260041475,0.694659043,0.657528323,0.861682841,0.48566647,0.374127299,1.13368988,-7.543527876,-193.1034483,22.57352941,2683.004462,-2327.617965,101011.3881
7/30/2021,0.100013966,0.06723503,0.15276134,0.08477092,0.053448122,0.127123907,0.599957334,0.567180083,0.652701958,0.222871035,0.144162863,0.360609978,-0.609098312,-0.915492958,-0.423583984,-84.76200886,-140.1217766,-50.98545565
8/4/2021,0.070634226,0.025686137,0.192395285,0.069129218,0.023882428,0.225399449,0.570591488,0.525663016,0.692326725,0.155542663,0.052726615,0.476459056,-0.548497676,-3.268983269,15.63818182,-59.19422944,-541.9957881,3839.459962
8/9/2021,0.269892146,0.189633369,0.345462412,0.214066904,0.161011726,0.272429347,0.769820868,0.689578889,0.845370872,0.745022303,0.468018711,1.055592299,-13.2495963,-511.25,333.3333333,38412.19188,-1266.520832,864647.059
8/14/2021,0.073269448,0.069054253,0.079618014,0.066416861,0.060995359,0.073117815,0.573238248,0.56902375,0.579586383,0.15814262,0.148352921,0.173010811,-0.596738003,-0.624761177,-0.571327182,-82.56364688,-87.65452076,-77.94396288
8/19/2021,0.059945178,0.057354014,0.061941385,0.053435583,0.049787808,0.056342397,0.559916009,0.557325007,0.561912185,0.127539019,0.121687278,0.132062927,-0.413753362,-0.432356005,-0.391823985,-49.18566844,-52.59055117,-45.1693161
8/24/2021,0.395429065,0.192093253,0.737836957,0.290314043,0.150825709,0.558475435,0.895315217,0.692005575,1.237698498,1.384210693,0.475533247,5.628839493,2.079055903,0.470573628,18.25367647,443.6697764,115.5912308,4648.103072
8/29/2021,0.351728876,0.233830839,0.5689255,0.267007779,0.175620764,0.43808049,0.851634666,0.73374393,1.068812665,1.10565606,0.61038959,2.639569044,5.5210743,-126.5930979,116.8666667,8360.754548,-2220.777683,71930.15861
9/3/2021,0.126804958,0.109181732,0.165586174,0.119859105,0.103707753,0.152049124,0.626765377,0.609145508,0.665541225,0.290909187,0.245126829,0.39689219,-7.846574441,-281.25,8.93194707,33364.4612,-821.7969796,2852289.757
9/8/2021,0.37437734,0.256994814,0.529387712,0.291466483,0.211782634,0.420180708,0.874296254,0.756929453,1.029282497,1.215397883,0.691771269,2.249782801,-2.545625144,-54.9726776,23.54097865,428.7604072,-2316.767053,6443.633827
9/13/2021,0.417477606,0.301665038,0.638585567,0.317189074,0.230413169,0.474623621,0.917371222,0.801566899,1.138471551,1.47917495,0.86395514,3.533813715,2.431376778,1.168880455,6.309994353,504.3475105,249.7653539,1347.827227
9/18/2021,0.298407385,0.22975789,0.411470234,0.242998711,0.19127126,0.329847217,0.798330352,0.729699399,0.911371049,0.856642038,0.596586168,1.39829886,0.01931595,-379.4273399,76.45238095,5540.093055,-2245.01143,522376.0994
9/23/2021,0.089898579,0.049324203,0.272467494,0.087952799,0.04926284,0.205608726,0.589859178,0.549292063,0.772357128,0.200766504,0.10376662,0.749018073,0.57295432,-4.038756666,32.79990842,324.7053516,-664.6111012,10299.0729
9/28/2021,0.364182334,0.296950936,0.466164052,0.284204336,0.230936825,0.360890299,0.864090757,0.796862918,0.966077358,1.16069147,0.844751716,1.746469378,13.08268466,-19.8490566,94.95833333,3551.229424,-2220.439017,50811.76529
10/3/2021,0.038565163,0.035815027,0.042351939,0.032238669,0.029429225,0.034943733,0.538542192,0.535792128,0.542328831,0.080228513,0.074290782,0.088449903,-0.278381488,-0.297319933,-0.256967065,-24.33395367,-27.81917892,-20.39075426
10/8/2021,0.125745783,0.06866996,0.18881318,0.119619152,0.071262509,0.17053397,0.625708969,0.568641291,0.688764284,0.289322619,0.147466436,0.465523273,-3.323910738,-44.67422646,29.25925926,-442.2597183,-1348.377406,8616.600667
10/13/2021,0.341602412,0.270480394,0.566960633,0.29161403,0.210377097,0.447943598,0.841428462,0.770304125,1.066746773,1.055371208,0.741530716,2.618518591,-0.954150629,-1.917383821,-0.597165992,-146.5215882,-316.173715,-82.64226703
10/18/2021,0.054322215,-0.015277457,0.207734957,0.045030438,-0.025542665,0.197518677,0.554292266,0.484700035,0.707684652,0.118434968,-0.030095134,0.524407744,-0.294109333,-2.221600688,64.75431358,-6.394005459,-368.1713755,27886.65645
10/23/2021,0.343955051,0.289889425,0.612142503,0.288629708,0.246647209,0.532919824,0.843805045,0.789733465,1.112002986,1.064892224,0.816462755,3.156533003,-1.090279577,-3.79985755,-0.650885054,-170.3986259,-627.0233822,-92.39437919
10/28/2021,-0.00206017,-0.013480837,0.030500581,0.01259786,-0.000826574,0.051092412,0.497924271,0.486504458,0.530482936,-0.003987488,-0.026603036,0.062920272,0.044250683,-0.220369149,0.308516183,35.47514593,-13.64322485,84.96515827
11/2/2021,0.116521543,0.075625956,0.146265626,0.113464795,0.059365276,0.147649303,0.616482511,0.575589193,0.646224624,0.264329481,0.163626313,0.342649043,-0.734970245,-1.493440969,-0.557625362,-107.5400738,-242.5783163,-75.45055373
11/12/2021,0.051589092,0.023962777,0.149512455,0.064072477,0.040422346,0.138778582,0.551565848,0.523942461,0.649477276,0.109699983,0.049102176,0.351592362,-0.482093119,-1.556508008,-0.257939466,-61.54766609,-253.610166,-20.56990101
11/17/2021,-0.04189366,-0.044946831,-0.03945554,-0.002996162,-0.006137251,-0.000509141,0.458096126,0.455043002,0.460534217,-0.080415163,-0.086027019,-0.075915784,0.347682571,0.315310481,0.396082785,92.35023476,86.24529031,101.4897892
11/22/2021,0.403592109,0.236476645,0.676848531,0.305430416,0.176029935,0.518504381,0.903435971,0.736324045,1.176724592,1.39744308,0.61943537,4.18904829,-3.042078101,-64.11673601,37.05714286,528.2395347,-1511.571009,11966.85085
11/27/2021,0.002928344,0.000516011,0.00533592,-0.000265425,-0.003257329,0.001995767,0.502913096,0.500500819,0.5053206,0.005876567,0.001032556,0.01072909,-0.023961376,-0.042639791,-0.004212951,22.73668335,19.26447313,26.40994256
12/2/2021,0.024239734,-0.013567105,0.066690505,0.042864359,-0.002690583,0.104712531,0.524225015,0.486420204,0.56667362,0.050371088,-0.026771005,0.142911881,-0.252487563,-1.520467836,0.278106509,-19.52001808,-247.3095026,79.23974399
12/7/2021,0.012972794,-0.025072323,0.053992268,0.022199206,-0.022637557,0.067975067,0.512951687,0.474908594,0.553969242,0.026848969,-0.048918158,0.114147626,-0.065988458,-0.909620991,0.983086681,15.09581054,-139.0682273,213.7168982
12/17/2021,0.458930126,0.297460705,0.515069962,0.327748715,0.214144275,0.370572567,0.958789012,0.797340184,1.014933405,1.715066683,0.846815825,2.12430644,-7.330090747,-19.7261681,36.89440727,-944.8370405,-2215.094142,11892.47777
12/22/2021,0.434662267,0.221832365,0.505129397,0.321345622,0.165569603,0.382365346,0.934518822,0.721691678,1.004975494,1.573823059,0.570140302,2.041460514,-11.83669239,-318.6111111,35.6122449,712.8691825,-2233.918172,313482.5401
12/27/2021,0.337782518,0.129791528,0.417945683,0.246044935,0.089659587,0.300943404,0.837535113,0.629579832,0.91767483,1.039566706,0.298299849,1.43610549,-0.626556468,-1.130630631,-0.242523247,-87.86935119,-178.5472225,-17.72893383
1/1/2022,0.455446844,0.175036922,0.545193255,0.338823068,0.125176802,0.40313226,0.955299417,0.674912313,1.045026345,1.738541404,0.424350947,2.397471905,-4.24174079,-89.26895819,300.2173913,7473.789579,-2272.17364,386863.3854
1/6/2022,0.122068656,0.07239306,0.211818874,0.098548998,0.034670684,0.172017112,0.62200259,0.572343199,0.711682333,0.282428821,0.156085655,0.537487805,-0.75839391,-1.593177254,-0.355739199,-111.4715959,-260.0109797,-38.55219786
1/11/2022,0.069749339,-0.098951064,0.196721315,0.044946813,-0.126156062,0.255841136,0.569720141,0.401028217,0.696682727,0.162342517,-0.180082738,0.489795923,-0.740065769,-8.257065949,3.868080518,-95.44238301,-1259.273833,802.0806246
1/16/2022,0.036834531,0.012677615,0.073219262,0.027775355,0.000840901,0.068330362,0.536809735,0.512655805,0.573190749,0.076920577,0.025680799,0.158007726,-2.926840729,-197.3076923,3.813793103,372.5897276,-1739.025754,106256.0467
1/21/2022,0.375030126,0.135722041,0.520806253,0.270801713,0.090719499,0.36444512,0.874895703,0.63560702,1.020640338,1.263733619,0.314070344,2.173676968,-125.5396378,-2853.125,300.4166667,1605427.207,-1948.061456,32687335.63
1/26/2022,0.210576252,0.082109086,0.275913507,0.159721584,0.066921182,0.203763977,0.710511138,0.582042803,0.775841178,0.539966839,0.178908184,0.762100935,-11.9682627,-98.57142857,9.608890572,-110.7195515,-2331.102046,17359.23359
1/31/2022,0.198968562,0.122730188,0.244119748,0.155994737,0.090586774,0.186952785,0.698907353,0.622673367,0.744053452,0.499865935,0.279800355,0.645921707,-3.162928255,-12.28299711,-1.572915883,-518.6354773,-1704.934381,-256.4754082
2/5/2022,0.204427232,0.10148491,0.264695406,0.153224452,0.074354246,0.195990905,0.704365379,0.601428023,0.764627304,0.518855936,0.225894734,0.719961226,-6.835978567,-117.1428571,166.3636364,2999.290252,-1779.547817,132620.5548
2/10/2022,0.205678376,0.074955024,0.302265137,0.15654283,0.049920101,0.226223782,0.705614193,0.574897572,0.802190662,0.529665158,0.162057042,0.866418302,-12.330248,-230.1515152,14.43548387,7800.708211,-2330.653321,151695.7453
2/15/2022,0.192028829,0.08772628,0.262307405,0.144678355,0.059689924,0.192133144,0.691964937,0.587667827,0.762235791,0.481494308,0.19232446,0.711156368,-0.785776884,-161.0344828,56.34365634,7937.549499,-2318.554688,65277.82223
2/20/2022,0.171795157,0.095632099,0.22457163,0.137677474,0.071912654,0.174680889,0.671734482,0.595574796,0.724505605,0.417959516,0.211489365,0.57921958,-2.366678874,-4.922135706,-1.301728654,-391.0803944,-799.960656,-208.8641457
2/25/2022,0.211182555,0.078123197,0.311372846,0.155801352,0.060124122,0.233832583,0.711118803,0.578056882,0.811298188,0.549493925,0.169487312,0.90432924,0.591710834,-28.2,14.84641153,392.8301283,-2301.32512,3599.807062
3/2/2022,0.205788343,0.07562688,0.306839198,0.153519165,0.051166438,0.226202846,0.705725254,0.575569151,0.806764624,0.528605138,0.163628474,0.885333359,4.984455583,0.521871539,27.58333333,1229.528721,125.3258435,7954.890167
3/7/2022,0.196254905,0.078381047,0.266702294,0.14449085,0.049980778,0.196667582,0.696193951,0.578323956,0.766634007,0.494010792,0.170094252,0.72740525,2.744170271,0.592183771,7.388943731,577.5309725,138.7001307,1602.917295
3/12/2022,0.190026427,0.081907682,0.253653437,0.14874944,0.058177825,0.194826722,0.689967574,0.581852074,0.753587892,0.47363315,0.1784302,0.679720283,5.108585568,0.974889217,31.28755365,1231.306017,212.1322327,9445.057301
3/17/2022,0.175936218,0.07974264,0.231066599,0.136609649,0.055862725,0.179262757,0.675877287,0.579686129,0.731002372,0.430268262,0.173305079,0.601005495,-14.92289865,-423.5714286,57.92079208,30335.22279,-2295.549045,579994.8693
3/22/2022,0.141523417,0.063801207,0.180333227,0.121571418,0.054769434,0.15412873,0.641470762,0.563753882,0.680277664,0.331189818,0.136298418,0.440015942,-1.043079683,-1.339816666,-0.534308211,-162.9119498,-215.583701,-71.20421104
3/27/2022,0.177905792,0.09406846,0.225415513,0.142794987,0.06985613,0.182623222,0.677848482,0.594029656,0.725352722,0.43760109,0.207672343,0.582029521,-4.759855496,-45.27173913,10.49295775,-555.6055298,-2324.859333,2384.459422
4/1/2022,0.17729199,0.090844065,0.244227201,0.144262502,0.066713311,0.19779332,0.677234137,0.590791238,0.74416449,0.434848608,0.199842647,0.646297932,-3.25662101,-8.422763381,2.70625,-525.5846625,-1279.963631,557.7796159
4/6/2022,0.112637665,0.027357198,0.217081845,0.104791034,-0.001010803,0.204326913,0.612600922,0.527322933,0.717026379,0.263508251,0.05625334,0.554545462,0.849294991,-4.508818685,175.9520124,909.5464375,-737.3445123,146798.5589
4/11/2022,0.088405887,0.054468654,0.130744755,0.079532424,0.05147817,0.121252291,0.588370001,0.554437837,0.630704602,0.195085121,0.115212791,0.300820142,-2.286017939,-17.5974026,9.170984456,-321.1067461,-2110.966747,2042.956711
4/16/2022,0.062186706,0.045205235,0.097054064,0.052852939,0.03585276,0.089016043,0.562158834,0.545181123,0.597015413,0.132833766,0.094691023,0.214972064,-1.159832441,-110.6666667,34.45783133,2451.035163,-1712.328041,24401.08467
4/21/2022,0.08908472,0.071208894,0.099434495,0.071986036,0.058438521,0.081971012,0.589050018,0.571175114,0.599399187,0.195688989,0.153336734,0.22082679,-0.730218034,-0.797270955,-0.649758854,-106.7543644,-118.8615911,-92.19014422
4/26/2022,0.188993161,0.089762688,0.268728733,0.145830621,0.077777781,0.207932577,0.688919394,0.589695082,0.768660028,0.473824212,0.197229221,0.734963298,36.87208881,-40.84138439,890.8333333,136785.6505,-1547.438146,3079871.426
5/1/2022,0.270287526,0.146300167,0.327892125,0.208566933,0.114985943,0.247125477,0.770217645,0.646235801,0.827818682,0.747429051,0.342743814,0.975712776,-4.987536638,-21.52014652,64.21800239,-188.7474638,-2277.614165,27204.85943
5/6/2022,0.270317859,0.164706945,0.309379846,0.2051724,0.129329845,0.234125689,0.770251142,0.66464729,0.809309958,0.745245707,0.394369274,0.895947993,-5.36079453,-12.84836066,-3.424928966,-856.5040845,-1757.993458,-567.1872854
5/11/2022,0.017445721,0.006117479,0.024462128,0.014118942,0.001060196,0.023389461,0.517430516,0.50610245,0.524446671,0.035560729,0.012310266,0.050151058,-0.127959181,-0.167028898,-0.054244786,3.440890468,-3.791308703,17.10865675
5/16/2022,0.00430965,0.000182138,0.009316009,0.016526949,0.011171127,0.023715539,0.504294216,0.500166955,0.509300401,0.008666896,0.000364343,0.018807227,-0.044040681,-0.08037225,-0.00212585,19.00570486,12.25867602,26.79834908
5/21/2022,0.129094817,0.088109061,0.297503173,0.099393088,0.073296256,0.228529468,0.629060978,0.588084319,0.797446929,0.300338149,0.19324474,0.846987963,0.948194213,-41.04575163,77.19551282,1017.771902,-2167.259879,36280.2485
5/26/2022,0.266266772,0.117923267,0.356717974,0.198611386,0.088603221,0.25163269,0.766199993,0.617868526,0.856643051,0.740246613,0.267376453,1.109056473,21.3434905,-176.5686275,558.0555556,64342.64452,159.2665957,1247449.893
5/31/2022,0.178487781,0.138050467,0.222699091,0.151395459,0.119630039,0.192574114,0.678441802,0.638011009,0.722641659,0.436597945,0.32032147,0.573006153,-1.443624162,-56.66666667,71.48802957,1728.284278,-2093.782493,32214.32637
6/5/2022,0.069544515,0.057373654,0.085282706,0.061217523,0.046015937,0.075062513,0.569515442,0.557344794,0.585252006,0.14955557,0.12173149,0.186467886,-0.49764174,-0.756874839,-0.429366231,-64.50753804,-111.5735187,-52.04354881
6/10/2022,0.253907891,0.176249787,0.29705143,0.206222694,0.148808539,0.244458511,0.753846949,0.676192101,0.796988944,0.684277217,0.427920461,0.845158398,-1.8058261,-47.95940171,82.81639929,2554.268772,-2290.319421,40631.04216
6/15/2022,0.319520665,0.087452471,0.439237088,0.242315547,0.07089366,0.323588938,0.8194461,0.587378026,0.93916055,0.988234053,0.191666663,1.566569805,-4.494675423,-66.68571429,158.8690476,5174.280681,-2276.646284,122293.0122
6/20/2022,0.078085191,0.049128991,0.116443992,0.084325802,0.059204806,0.122558646,0.578058728,0.549107494,0.616412313,0.170184935,0.10333471,0.263580322,-0.845295667,-1.503787879,-0.577267154,-127.341965,-244.3902276,-79.02446803
6/25/2022,0.153087318,0.123475432,0.166624904,0.126651616,0.10159453,0.141002521,0.653047345,0.623439224,0.666583151,0.361979057,0.281738669,0.399879724,-2.37891439,-4.944186047,-1.442996743,-393.0003112,-803.2658447,-233.7334559
6/30/2022,0.146790762,0.063606821,0.186759919,0.128519067,0.061715484,0.172439203,0.646724995,0.563547768,0.686695889,0.345886107,0.135854974,0.459298402,-0.648185225,-0.87662989,-0.344886511,-91.87170746,-133.1442499,-36.56019329
7/5/2022,0.008313371,0.00096605,0.013831165,0.024703534,0.0184264,0.031042129,0.508295992,0.500948767,0.51381366,0.016782697,0.001933969,0.028050298,-0.074725534,-0.11742249,-0.010198135,13.3082009,5.38972108,25.29628458
7/10/2022,0.006485168,-0.004120327,0.019558361,0.024461493,0.01323036,0.037717994,0.506468944,0.495864311,0.519541109,0.013125955,-0.008206837,0.039897043,-0.065615679,-0.166687245,0.052288035,15.00848392,-3.728138287,36.9359936
7/15/2022,0.010452026,0.000433839,0.032562278,0.023548081,0.011898108,0.039793603,0.510432564,0.500415748,0.532538588,0.021209755,0.000868056,0.067316532,-0.085247994,-0.196288748,-0.004475608,11.36286944,-9.198174914,26.36106445
7/20/2022,0.033228344,0.030088495,0.037230898,0.042644156,0.040006768,0.045973096,0.533205894,0.530066158,0.537208223,0.068748578,0.062043797,0.077341281,-0.247310607,-0.27021967,-0.227899724,-18.61096012,-22.83170095,-15.03243507
7/25/2022,0.173243334,0.042595785,0.277397275,0.142971835,0.005158884,0.253145605,0.673189891,0.542558328,0.777336758,0.429169482,0.08898183,0.767772496,-0.849141138,-4.908574314,1.749819234,-124.431121,-797.8825731,364.1170323
7/30/2022,0.182409157,0.103928395,0.301571041,0.150008674,0.080291972,0.229074165,0.682330043,0.603853325,0.801502604,0.452296601,0.231964484,0.863569677,-4.851337515,-339.6153846,29.56422018,4028.413774,-2256.389991,360340.6733
8/4/2022,-0.005216868,-0.008392734,0.002772964,0.004370086,0.00121563,0.013708179,0.494768921,0.491593137,0.502758441,-0.010373057,-0.016645765,0.005561349,0.043934674,-0.020675396,0.07339634,35.37919608,23.34742357,40.87445479
8/9/2022,0.000145865,-0.021604043,0.011963256,0.011214466,-0.013410634,0.026936209,0.500132362,0.478382067,0.511949585,0.00034732,-0.042294357,0.024216216,0.056016254,-0.130522339,2.676530511,37.77202154,2.963480061,551.6634111
8/14/2022,0.267389169,0.161801502,0.356052428,0.205096964,0.121465333,0.265011281,0.767322425,0.661732513,0.855986431,0.737046236,0.386069655,1.105842948,-3.275699505,-160.1754386,141.3076923,12548.71997,-2172.396293,99649.66057
8/19/2022,0.087324201,0.054190215,0.118196368,0.079819734,0.055762738,0.10777007,0.587290475,0.554165939,0.618155139,0.191979664,0.114590101,0.268078655,-1.178406291,-4.636773271,-0.62207763,-186.5319195,-756.8594481,-87.16733443
8/24/2022,0.014875967,-0.001635426,0.080633007,0.022748525,0.010672146,0.071428575,0.514859652,0.498348901,0.580603836,0.030488401,-0.003265511,0.175409839,-0.216508884,-1.227380016,1.058051625,-12.56647114,-195.7166959,228.2313946
8/29/2022,0.14495176,0.118871994,0.169195533,0.12344346,0.101352222,0.145100236,0.644906118,0.618831597,0.669147642,0.339420238,0.26981777,0.4073053,-1.056614881,-1.223644578,-0.84758793,-165.3450974,-195.0550684,-127.9227765
9/3/2022,0.32742293,0.124488123,0.414625853,0.242620437,0.085161038,0.31799534,0.827347908,0.624424199,0.914548083,0.99028914,0.284377933,1.416618228,-230.9171924,-8140,190.1351351,6359229.116,-2331.197505,241790245.3
9/8/2022,-0.005591762,-0.007848444,-0.002435164,0.01839598,0.016541352,0.021297796,0.494393213,0.492136756,0.497549691,-0.011119538,-0.015574651,-0.004858496,0.042449153,0.01789549,0.060093919,35.10155562,30.52592041,38.39206124
9/13/2022,0.071083003,0.064924784,0.085205458,0.055948937,0.048788067,0.070035636,0.571060271,0.564902419,0.585181555,0.153077793,0.138865367,0.186283261,-0.553873371,-0.580979164,-0.482716187,-74.76608024,-79.69956887,-61.79447147
9/18/2022,0.211357405,0.143336385,0.247514695,0.167777955,0.117936485,0.19946976,0.711305308,0.643287337,0.747460462,0.537183612,0.334638655,0.657859266,-3.55120468,-8.196616378,-1.681557255,-585.4843604,-1251.671649,-275.3977022
9/23/2022,0.276425429,0.047386236,0.367004424,0.203626448,0.042973515,0.271456331,0.776360713,0.547334775,0.866935803,0.778279528,0.099486776,1.159579754,3.532005555,0.72870806,86.05092593,784.844987,164.7724935,43309.50048
9/28/2022,0.087328886,0.080396533,0.091715671,0.073492488,0.065956578,0.077785708,0.5872986,0.580366414,0.59168515,0.191376724,0.174850449,0.201953664,-0.675614566,-0.74469934,-0.590230293,-96.87374906,-109.3745233,-81.38162126
10/3/2022,0.078374461,0.076157674,0.082416005,0.062744831,0.059245285,0.06518463,0.578346795,0.576130112,0.582388131,0.170081522,0.164871588,0.17963697,-0.54865271,-0.576768489,-0.521772739,-73.81663197,-78.9337702,-68.91969551
10/8/2022,0.112828931,0.078937136,0.125594556,0.101732635,0.073925942,0.11342828,0.612788979,0.578899618,0.625554342,0.254479853,0.171404451,0.28726846,-0.706786564,-0.817274142,-0.496899478,-102.5117157,-122.4660325,-64.38327443
10/13/2022,0.083063717,0.035954688,0.134807006,0.080749119,0.038939655,0.12399321,0.583034729,0.53593269,0.634770658,0.182877684,0.074591279,0.311622977,-0.828924877,-1.546471269,-0.340878469,-124.3135473,-251.856468,-35.82430295
10/18/2022,0.253469271,0.081932776,0.348963857,0.212472668,0.08654999,0.28581652,0.753414715,0.581904989,0.848899645,0.696023868,0.1784897,1.072026014,-2.735634961,-5.607549121,-0.616672382,-446.5877536,-901.0296601,-86.18588928
10/23/2022,0.355333826,0.172850057,0.435368478,0.262109999,0.124037355,0.323515862,0.855259886,0.672792546,0.935290693,1.119842539,0.417941302,1.542133212,-31.41217534,-346.4272031,41.49553571,18140.30658,-2330.281922,376803.0637
10/28/2022,0.181676933,0.075589791,0.254482955,0.153153671,0.068132922,0.215410918,0.681607407,0.57552052,0.754412851,0.446138754,0.16354166,0.682701886,-0.622860666,-1.009955829,-0.19204893,-87.23722211,-157.0355182,-8.415097277
11/2/2022,0.100860249,0.072971597,0.129562914,0.087364644,0.054558147,0.113903619,0.600825473,0.572939112,0.629525125,0.225015065,0.157431215,0.297696292,-1.002276048,-2.329944208,-0.654389908,-155.0541863,-386.5248492,-93.02988383
11/7/2022,0.09340418,0.070558585,0.105599165,0.075650835,0.047032245,0.084663078,0.593373512,0.570528637,0.605567474,0.206214777,0.151830092,0.236133859,-0.676569598,-0.925646822,-0.547289504,-97.01255729,-141.9429873,-73.56875833
11/12/2022,0.074672757,0.046753511,0.101359412,0.064403852,0.036911085,0.089501157,0.574641471,0.546725905,0.601323556,0.16172948,0.098093219,0.225583866,-0.597104437,-0.985099274,-0.452323535,-82.58226404,-152.5912627,-56.24208237
11/17/2022,0.077595472,0.068134539,0.092324205,0.061077109,0.04885938,0.075051054,0.577570279,0.568109912,0.592297714,0.168334484,0.14623256,0.203429922,-0.508486073,-0.563389392,-0.447196748,-66.49227504,-76.49963968,-55.3048084
11/22/2022,-0.017159195,-0.02290279,-0.013222205,0.001233828,-0.005418039,0.008150736,0.482828375,0.477084549,0.486765273,-0.033729825,-0.04477999,-0.026099321,0.166507912,0.121581985,0.255114075,58.28920221,49.87736238,74.91532765
11/27/2022,0.213437097,0.169548944,0.309507966,0.175274047,0.139878362,0.252862602,0.71337333,0.669489259,0.809440705,0.544969901,0.408329755,0.896485329,-1.188047903,-2.75154913,-0.995927762,-188.5811575,-457.1290321,-154.5279125
12/2/2022,0.202203492,0.077089667,0.449315459,0.160132536,0.053778619,0.356634319,0.70215273,0.577059908,0.94924981,0.518439659,0.167057812,1.631843328,10.33797691,-175.3378378,79.26136364,5252.039173,-2330.221696,80282.57324
12/7/2022,-0.004152755,-0.006989001,-0.001717426,0.005260388,0.003008911,0.008092216,0.495833026,0.492996878,0.498268312,-0.008268103,-0.013880988,-0.003428963,0.032851011,0.013035544,0.056476252,33.31263662,29.62082541,37.7171851
12/12/2022,0.081804248,0.066261925,0.101916641,0.066440237,0.050117504,0.082500823,0.581776714,0.56623737,0.601886123,0.17845706,0.141928285,0.226964772,-1.183517342,-2.23518851,-0.717662952,-187.2847456,-370.4781953,-104.4876366
12/17/2022,0.114977844,0.104313888,0.147221655,0.09018837,0.08038386,0.11989592,0.614945646,0.604282023,0.647188477,0.259910312,0.232925102,0.345275313,-0.879388618,-1.231560892,-0.737399344,-133.6193516,-196.4570989,-108.0555621
12/22/2022,0.254538822,0.129850417,0.558783352,0.190507396,0.091518328,0.472590178,0.754467202,0.629782161,1.058707217,0.695283103,0.298455417,2.532920361,11.92145503,-80.69620253,1394.782051,87775.80427,-2309.528222,7439514.189
12/27/2022,0.273567742,0.11535126,0.555212557,0.213078294,0.083175406,0.481818169,0.773492448,0.615284553,1.055138548,0.767577147,0.260784328,2.496530056,-6.073336443,-44.8,163.5123967,451.5369721,-2254.878043,128636.1561
1/1/2023,0.293879464,0.120477289,0.541900218,0.223183023,0.084171325,0.46399948,0.793807661,0.620417589,1.041829843,0.843789626,0.27396062,2.365860939,-10.5934406,-340.1408046,240.8196721,3466.66475,-2310.806984,361678.2079
1/6/2023,0.256787896,0.145398438,0.425805032,0.202179909,0.105466016,0.363591731,0.756720838,0.645339868,0.925737125,0.695349076,0.34027189,1.483137488,-2.570567125,-7.480672755,-1.48706944,-425.2171731,-1159.63685,-241.4621604
1/11/2023,0.192748855,0.124298319,0.289273143,0.14430785,0.090032652,0.230489507,0.692693457,0.624248256,0.789215327,0.478530383,0.283882797,0.814020634,-1.872557842,-3.512455516,-1.1904102,-308.1301977,-581.2485193,-189.1640225
1/16/2023,0.299885971,0.08993338,0.550313592,0.223764913,0.057260815,0.454801351,0.799814056,0.589878805,1.050242007,0.873989253,0.197641313,2.447543859,-30.6435331,-1382.5,129.1035068,164642.3567,-2234.426769,6761030.079
1/21/2023,0.272601618,0.089705393,0.471994638,0.212018728,0.068224229,0.393920124,0.772538041,0.589656599,0.971929353,0.758695439,0.197090909,1.787840486,-6.42586234,-35.96875,58.91304348,-842.8511452,-2281.305202,23736.78933
1/26/2023,0.312826501,0.084250405,0.538060606,0.23784975,0.050791159,0.434290469,0.812755391,0.584197709,1.03798944,0.927185566,0.184003159,2.329572439,33.70425613,-60.23534364,314.9025974,34537.94912,-2295.368481,423076.4117
1/31/2023,0.024669769,0.00646011,0.065437645,0.017692974,-0.00484153,0.058222678,0.524649238,0.506439271,0.565416111,0.050989288,0.013004231,0.140039131,-0.462133082,-2.842105263,-0.32,-57.73046823,-472.1235069,-31.9890272
2/5/2023,0.286111132,0.086901993,0.446840137,0.222148784,0.06086044,0.357232541,0.786043165,0.586849413,0.946769757,0.811574549,0.190345362,1.615591407,-13.56694497,-170.8139535,32.39819005,2465.662298,-2329.691931,75374.39677
2/10/2023,0.280004205,0.081240259,0.475329906,0.200439789,0.05190428,0.353064984,0.779938668,0.581189919,0.97525995,0.788788727,0.176847667,1.811919093,5.163040596,0.63844269,14.71580817,1108.045116,147.5189708,3561.319645
2/15/2023,0.249211766,0.079826839,0.454571843,0.183686136,0.052755978,0.332890004,0.749149065,0.579776643,0.954502576,0.671531842,0.17350395,1.66684401,3.523506073,0.649844939,15.02879079,741.1358212,149.6951197,3653.757236
2/20/2023,0.229949989,0.08664944,0.420406938,0.165799468,0.058389261,0.296286196,0.729889633,0.586598915,0.920338096,0.604925267,0.189739719,1.450696945,3.042273054,0.743642815,20.76569678,642.371726,167.632921,5475.565423
2/25/2023,0.239711838,0.082948521,0.435294122,0.177375725,0.060725361,0.313571721,0.739652504,0.582898675,0.9352262,0.637074637,0.180902645,1.541666627,2.002519122,0.544210054,8.385562395,417.3174314,129.57098,1846.138079
3/2/2023,0.22322387,0.079114467,0.374587089,0.16235657,0.053089935,0.259062231,0.72316542,0.579064779,0.874522897,0.579620099,0.171822593,1.197887301,1.776160043,0.4961257,5.223191731,370.7409057,120.4377361,1099.524491
3/7/2023,0.201301124,0.107512064,0.268836439,0.157117776,0.078316286,0.225847021,0.701243301,0.60745973,0.7687739,0.505789095,0.240926638,0.735366285,-4.541565448,-91.09962406,73.71443089,1554.146523,-2324.032969,33823.47938
3/12/2023,0.212021578,0.081081077,0.316605866,0.161154873,0.059649754,0.248094723,0.711962901,0.581028385,0.816539571,0.54131773,0.176470593,0.926569045,2.008875991,0.637115165,5.873015873,417.8091473,147.2656714,1246.947243
3/17/2023,0.195039602,0.087371022,0.282638729,0.156676112,0.06805677,0.231225148,0.694979674,0.587313297,0.782575151,0.487070533,0.191471085,0.787995577,-18.70162034,-169.1463415,341.4628483,13470.12674,-2274.878159,493026.8263
3/22/2023,0.207783237,0.092688546,0.332513064,0.160217536,0.068292685,0.26352632,0.707724462,0.59263168,0.832449058,0.528733082,0.204314724,0.996313393,166.4234571,0.822931785,7600,4510366.869,182.8464495,213509274.4
3/27/2023,0.184983626,0.095414199,0.27329731,0.149625175,0.077594154,0.227502823,0.684926317,0.595359157,0.773236697,0.456079601,0.210956663,0.75215745,4.654621008,-57.52958853,127.6022727,4699.841754,-2323.413288,85056.11502
4/1/2023,0.211105067,0.096339464,0.358769417,0.162819229,0.06715133,0.285490096,0.711045911,0.596285168,0.858704667,0.538901729,0.213220477,1.119002819,3.735929902,-45.89060973,60.45454545,1006.767441,-775.3700596,24699.3645
4/6/2023,0.229982232,0.093594097,0.378901362,0.179619631,0.065139316,0.2995179,0.729922233,0.59353487,0.878836205,0.602136432,0.206516951,1.220101714,2.294630123,0.761610913,4.397094349,475.2825704,171.0764942,916.5890384
4/11/2023,0.230179581,0.078199923,0.419200331,0.17234844,0.061943721,0.318813235,0.730120751,0.578146611,0.91913365,0.603342983,0.16966787,1.443528295,1.860090372,0.772032047,4.890789302,387.0403694,173.0747835,1025.311068
4/16/2023,0.218266,0.07943128,0.258852929,0.170050679,0.059940431,0.193518519,0.718207953,0.579376362,0.758791736,0.562240755,0.17257002,0.698519826,1.88111776,0.832129442,3.294979079,390.8572861,184.6142336,680.3285858
4/21/2023,0.20968062,0.107777342,0.250869513,0.16508407,0.085329786,0.195024282,0.709617344,0.607717359,0.750802562,0.53288155,0.241592914,0.669761896,-8.93903538,-27.40112994,25.16431925,-1181.264583,-2329.789107,7036.095588
4/26/2023,0.12331057,0.101902373,0.133889019,0.10537862,0.086749285,0.12200921,0.623258049,0.601857996,0.633841424,0.281410382,0.226929396,0.309172928,-0.88342118,-1.240677966,-0.604395604,-134.244375,-198.0712216,-83.95595894
5/1/2023,0.107156321,0.07032463,0.203570023,0.075972877,0.046394702,0.166924745,0.607117141,0.57028923,0.703523853,0.242869121,0.151288584,0.511206329,-0.708984611,-6.782138726,11.15384615,-69.64393193,-1066.20861,2559.997373
5/6/2023,0.219498209,0.093999662,0.25740391,0.184670333,0.080681734,0.212681219,0.71943929,0.59394918,0.757344255,0.565112479,0.20750469,0.693254113,-2.889407664,-3.556813235,-1.42564648,-479.4639994,-588.3530132,-230.6868404
5/11/2023,0.124016784,0.112476625,0.130561441,0.099921788,0.08948195,0.105026349,0.623976544,0.612435718,0.630519695,0.283188465,0.253461778,0.30033505,-0.851045217,-0.934680267,-0.734601291,-128.5410317,-143.5626015,-107.5499069
5/16/2023,0.244969805,0.12502268,0.289745361,0.196428374,0.103197396,0.228543237,0.744904642,0.62496598,0.789677419,0.652543869,0.285773546,0.815891445,-88.74451906,-1302,82.14285714,292293.9429,-2324.730659,5982485.438
5/21/2023,0.253906887,0.12952818,0.301192313,0.197063973,0.10168907,0.234628633,0.753840616,0.629472568,0.80112311,0.684651871,0.297604561,0.86201781,-0.452044524,-81.6875,121.6666667,8311.003923,-2285.002056,77027.83733
5/26/2023,0.256309202,0.130853161,0.317749202,0.208700169,0.107260026,0.248931795,0.756243272,0.630798963,0.817680942,0.694287152,0.301107168,0.931473315,-17.8431674,-868.3333333,97.16836735,72119.00713,-2016.65568,2607109.457
5/31/2023,0.240125751,0.162746042,0.28090924,0.191884412,0.122532122,0.220368743,0.740066898,0.662693015,0.780849267,0.63357414,0.388761461,0.781290054,-6.92447541,-22.1799308,36.02739726,-943.9684319,-2294.541139,11498.84339
6/5/2023,0.280921127,0.106498547,0.336308062,0.2261895,0.087304614,0.269487411,0.780856,0.606439725,0.836238949,0.787504249,0.238384709,1.013446212,6.656445949,1.174582798,17.57340242,1454.332641,250.8757551,4431.994268
6/10/2023,0.008282047,-0.010509646,0.025451615,0.019965924,-0.01866857,0.040686976,0.50826486,0.489472737,0.525433972,0.016824579,-0.020800684,0.052232634,-0.110683927,-0.352066338,0.63705045,6.683660927,-37.87813793,147.2537421
6/15/2023,0.125452913,0.103541136,0.132743359,0.104864458,0.087291062,0.112899043,0.625411216,0.603500505,0.632701578,0.286942329,0.231000304,0.306122452,-0.863181569,-1.044808743,-0.764469673,-130.7184138,-163.2594448,-112.9446556
6/20/2023,0.08626559,0.051470589,0.109268419,0.081338612,0.055950016,0.106433034,0.586228751,0.551444596,0.609227683,0.189243185,0.108527131,0.245345339,-0.692173545,-0.980769231,-0.462789746,-99.81325724,-151.8166036,-58.15490405
6/25/2023,0.13093083,0.106746368,0.149492428,0.108248933,0.088008955,0.124472864,0.630886593,0.606703195,0.649447264,0.301383646,0.23900573,0.351536959,-1.392394942,-1.605198455,-1.279104038,-224.824182,-262.1072436,-204.8676163
6/30/2023,0.037592932,0.029935071,0.043822076,0.033919771,0.024054984,0.041166589,0.537570665,0.529912728,0.543799679,0.078145001,0.061717663,0.091660924,-0.31554891,-0.359531773,-0.287895019,-31.17034267,-39.24811849,-26.08524831
7/5/2023,-0.007973046,-0.01141404,-0.004555062,0.008874134,0.002819267,0.012598425,0.492012421,0.488571513,0.495430188,-0.015815411,-0.022570459,-0.009068813,0.060732302,0.03213878,0.093417231,38.51177898,33.17952699,44.61304667
7/10/2023,0.096497111,0.072799399,0.148239568,0.086256403,0.065026358,0.12697576,0.596462056,0.572768695,0.648197467,0.214054499,0.157030523,0.348078102,-2.003175302,-23.625,12.23933465,-232.0488795,-2320.445875,2855.278372
7/15/2023,0.046686704,0.01584496,0.146093279,0.05947984,0.022753274,0.168362513,0.546665907,0.515828678,0.646061042,0.09891603,0.032200128,0.342176378,-0.541810185,-3.76056338,-0.288004596,-71.76258952,-620.8007522,-26.10541128
7/20/2023,0.037815985,-0.043094929,0.092670828,0.036876954,-0.050098084,0.08368361,0.537796307,0.456887707,0.592647858,0.080643131,-0.082628973,0.204271689,1.022262498,-0.816183451,26.81818182,345.4206517,-122.2695622,7659.604661
7/25/2023,-0.015896638,-0.032756925,-0.00200546,0.005367925,-0.015301353,0.018118583,0.484091963,0.467232128,0.497982508,-0.031166075,-0.063435882,-0.004002891,0.43739867,-3.512562814,5.554435484,117.3308771,-581.265722,1174.28428
7/30/2023,-0.005536039,-0.009435438,-0.002273958,0.009093142,0.004242978,0.01419923,0.494450815,0.490551776,0.497712569,-0.011006615,-0.018694485,-0.004537597,0.072041297,0.022203426,0.151413753,40.62399134,31.32835626,55.45961521
8/4/2023,0.034749294,0.019522777,0.07304205,0.043813274,0.029197881,0.084487274,0.534728109,0.519503995,0.573015523,0.072201472,0.039823011,0.157595262,-0.569065484,-1.330538638,-0.292089249,-77.42235828,-213.9478251,-26.85695447
8/14/2023,0.288370771,0.108739153,0.42997542,0.230452221,0.085058764,0.339379996,0.788306773,0.608681143,0.92990823,0.815906881,0.244011983,1.508620739,4.766177898,1.020572261,9.426400817,1006.101318,220.9695882,2107.951404
8/19/2023,0.28307449,0.108649895,0.377402127,0.217491548,0.082201608,0.298796982,0.78300902,0.608594188,0.87733216,0.796116673,0.243787274,1.212346315,8.883400551,0.774402711,22.28832952,2048.749909,173.529491,5999.680558
8/24/2023,0.249241361,0.113838911,0.318803996,0.200756653,0.095600396,0.259659618,0.749182795,0.613787306,0.818741394,0.667661123,0.256926,0.936012566,11.8062721,1.09158336,126.641791,3305.857971,234.7370653,82490.07941
8/29/2023,0.142822157,0.063249469,0.214302361,0.123965772,0.057070706,0.194272637,0.642743427,0.563183261,0.71421918,0.334360567,0.135040164,0.545508504,-0.473225724,-0.758826482,-0.221602753,-60.04582144,-111.9258973,-13.87082359
9/3/2023,0.089401431,0.079229593,0.095322937,0.079838831,0.071373411,0.088775739,0.589368678,0.579197899,0.595289795,0.196392916,0.172094122,0.210733622,-0.673822272,-0.766207486,-0.596029401,-96.54606465,-113.258333,-82.43570139
9/8/2023,0.093267846,0.076253675,0.115238205,0.074021988,0.055416439,0.09366516,0.59323491,0.576222331,0.615202722,0.205925695,0.165096566,0.260495424,-1.010534324,-4.453621347,22.10191083,-121.8793795,-728.8897357,5934.597513
9/13/2023,-0.008976309,-0.054505073,0.008092005,0.01203495,-0.042872753,0.027963743,0.491009305,0.445481185,0.508076945,-0.01762199,-0.103375651,0.016316041,0.098510808,-5.252921548,0.520208655,45.69438505,-849.1637183,125.0099849
9/18/2023,0.176815949,0.13732627,0.214028597,0.145428057,0.093367264,0.176267803,0.676754867,0.637273554,0.71396271,0.430426128,0.318373621,0.544621885,-1.361465642,-14.56140351,12.42737557,-187.1316276,-1904.412962,2907.592976
9/23/2023,-0.002446202,-0.013146179,0.011358183,0.018874239,0.005442903,0.035883993,0.497540812,0.486841072,0.511344549,-0.00482857,-0.025951199,0.022977369,0.437222145,-5.620689655,24.09442724,168.8446988,-902.9336171,6648.730049
9/28/2023,0.014127676,0.010026996,0.019998714,0.018801414,0.013748145,0.024743201,0.514111152,0.510010605,0.519981995,0.028672295,0.02025711,0.040813647,-0.141557959,-0.179540469,-0.10307916,0.921746275,-6.104065016,8.047716824
10/3/2023,0.195677456,0.147130147,0.240620956,0.160066659,0.119146414,0.202130988,0.695615201,0.647064767,0.74056108,0.488131986,0.345023692,0.633730829,-1.621867061,-6.027077498,-0.826896865,-262.2094039,-961.1898829,-124.1989374
10/8/2023,0.260699981,0.190686464,0.366532534,0.204952124,0.143943712,0.296253115,0.7606287,0.69061716,0.866459888,0.708947743,0.471230149,1.157226086,-1.859574095,-3.399688958,-1.28515625,-305.8191926,-563.1223545,-205.9370787
10/13/2023,0.209615992,0.160174668,0.281123251,0.171371347,0.134802669,0.232662857,0.709556667,0.66011702,0.78106232,0.531651065,0.381447583,0.782118082,-1.329403783,-2.264957265,-0.964653903,-213.6186449,-375.5269007,-148.9323078
10/18/2023,0.279837212,0.184104994,0.448444366,0.208715866,0.127386332,0.361923724,0.779767464,0.68404265,0.948367131,0.78472698,0.451295793,1.626107454,-7.30123097,-32.79069767,74.85882353,784.7867851,-2324.547451,34619.92312
10/23/2023,0.261916598,0.176268861,0.465081245,0.197190933,0.121923305,0.37945962,0.761849645,0.676210887,0.965004753,0.717457549,0.427976698,1.738885641,14.21924843,-32.8300667,191.9512195,9521.213654,-2330.697619,171049.3728
10/28/2023,-0.028874414,-0.048260752,-0.008346346,-0.014969723,-0.037459984,0.010036747,0.471111814,0.451726877,0.491640417,-0.055911213,-0.092077762,-0.016554523,0.452449686,0.066517895,3.42679887,113.2415973,39.59069098,708.1182413
11/2/2023,-0.00263519,-0.023600439,0.012658228,0.025922602,0.00622172,0.04294128,0.497337882,0.476373415,0.512629767,-0.005122,-0.046112578,0.025641026,0.013071422,-0.048651417,0.116273725,29.63227694,18.14759247,48.88474394
11/7/2023,0.160892491,0.086874545,0.243511721,0.132037719,0.080132179,0.203928217,0.66084745,0.586846174,0.743459715,0.38505354,0.190279543,0.643795133,-1.472851045,-2.662224646,-0.96034646,-238.7351736,-442.2794709,-148.1610435
11/12/2023,0.044297031,0.040770743,0.0476023,0.040048895,0.037011296,0.043212038,0.544273101,0.540747064,0.547578233,0.092705422,0.085007302,0.099963076,-0.276854552,-0.299933567,-0.256996803,-24.05286194,-28.29990137,-20.39623269
11/17/2023,0.253462306,0.171089992,0.440667748,0.190008371,0.122378498,0.33466199,0.753394194,0.671024277,0.940586814,0.68469652,0.412807196,1.575692296,8.459181001,-19.05138701,103.994391,2920.048675,-2185.912442,59160.75733
11/22/2023,-0.006905445,-0.043488994,0.055024192,-0.001298174,-0.044480216,0.04976768,0.493072436,0.456492226,0.554992968,-0.012593334,-0.083353043,0.1164563,0.156706866,-0.247871046,0.880776959,56.80257528,-18.71464698,193.9745895
11/27/2023,0.094123312,0.085176468,0.100565493,0.083271134,0.074557319,0.08976505,0.594088284,0.58514205,0.600530485,0.207852066,0.186213985,0.223619387,-0.566821123,-0.613352898,-0.515929318,-77.12231178,-85.58305516,-67.85437227
12/2/2023,0.03536706,0.03005795,0.039191347,0.040847825,0.036404345,0.044983324,0.535343728,0.530035853,0.539167442,0.073339878,0.061978862,0.081579916,-0.263632851,-0.287944379,-0.222503288,-21.61755519,-26.09433094,-14.03696459
12/7/2023,-0.015521438,-0.027178569,-0.001599147,-0.000418186,-0.013581807,0.015772587,0.484458126,0.472803021,0.498378715,-0.030527408,-0.052918877,-0.003193188,0.090307335,0.006817665,0.23310179,44.03806913,28.46308818,70.77889478
12/12/2023,0.044545153,-0.023703197,0.17272535,0.041118828,-0.029445246,0.165485814,0.544523153,0.476278624,0.672677861,0.096716123,-0.046308726,0.41757679,-0.283343551,-2.10255176,8.832417582,-11.25950406,-347.9014462,1957.836962
12/17/2023,0.160165111,0.139786363,0.181245819,0.127380569,0.103683315,0.152269006,0.66011963,0.639744435,0.681200188,0.381835226,0.325003833,0.442735612,-1.4281682,-2.614656032,-0.939145699,-230.7242929,-434.3476531,-144.3629915
12/22/2023,0.231550521,0.161997527,0.286351323,0.187257886,0.13126047,0.229328334,0.731479645,0.661930342,0.786275091,0.606100915,0.386627913,0.802499354,23.69261239,-72.15189873,341,39592.93494,-2274.329622,490478.628
12/27/2023,0.026003248,0.016222889,0.033054285,0.019792492,0.00881711,0.025134338,0.5259803,0.516200132,0.533031284,0.053420201,0.032980822,0.068368442,-0.171058737,-0.217852096,-0.122113087,-4.534574785,-13.17879641,4.520823376
1/1/2024,0.005132073,-0.005375425,0.015417256,0.014615227,0.006952571,0.023267658,0.505115147,0.494607641,0.515399031,0.010352803,-0.010693366,0.031317338,-0.062519577,-0.195673993,0.080827739,15.58101964,-9.08463992,42.26181103
1/6/2024,-0.033549652,-0.039733887,-0.027829893,-0.001737061,-0.009483155,0.005064655,0.466438112,0.460254059,0.472157803,-0.064903499,-0.076430872,-0.054152723,0.227896391,0.174581006,0.305871427,69.80562463,59.79928307,84.46694436
1/11/2024,0.147529163,0.097694509,0.183435082,0.121269641,0.074252941,0.15213646,0.647472316,0.597648426,0.683374618,0.347318862,0.216544211,0.449284792,-1.210900592,-1.781541557,-0.742659758,-192.4205793,-292.7352969,-109.0060517
1/16/2024,0.212608842,0.133260712,0.261238277,0.16307805,0.090305679,0.201320127,0.712544024,0.633203231,0.761168865,0.542384495,0.307498962,0.707232893,-8.549950191,-34.21875,485.5555556,-586.0412061,-2302.943319,956125.8984
1/21/2024,0.224453099,0.130309582,0.269700319,0.173896118,0.09656015,0.212189808,0.724387472,0.630252857,0.76962915,0.581989754,0.299668878,0.738601804,10.47185182,-48.69402985,73.84615385,4919.367478,-2260.695109,33795.93814
1/26/2024,0.0975818,0.039493632,0.156917661,0.083518796,0.013604834,0.154515684,0.59752723,0.539458065,0.656865093,0.218548237,0.082235038,0.372247547,-0.485934745,-1.754225674,-0.289611545,-62.1155993,-288.0061169,-26.40109153
1/31/2024,0.072714766,0.010790835,0.156244725,0.061893746,0.001097007,0.163854167,0.572671904,0.510753086,0.656189719,0.160912292,0.021817096,0.370355576,-6.401922019,-121.6666667,-0.203898501,1473.970546,-320.9649533,31738.15067
2/5/2024,0.231484899,0.113485113,0.278509587,0.174288111,0.078358211,0.219494388,0.731419384,0.613431398,0.778436353,0.606357373,0.256025285,0.772039652,11.85064232,0.67967275,173.4183673,7831.430375,155.3923505,145330.2123
2/10/2024,0.224777344,0.112914607,0.262064517,0.172691665,0.080137014,0.214172587,0.724712913,0.612860545,0.761994479,0.583320409,0.254574388,0.710264087,8.645634574,0.805436698,99.62287712,3518.210032,179.4856193,55275.20745
2/15/2024,0.219765818,0.110276543,0.289086998,0.163566368,0.075041324,0.227479979,0.71970395,0.61022446,0.789021854,0.566622407,0.247889489,0.813283801,3.076017661,0.69792567,12.03294779,655.5254972,158.8819536,2798.520266
2/20/2024,0.184182067,0.101534218,0.249296933,0.151381505,0.083601832,0.214050323,0.684122633,0.601482375,0.749234968,0.452934007,0.226016879,0.664169252,1.191908224,-328.4375,151.5714286,27310.99702,-2315.720216,335000.7645
2/25/2024,0.217586857,0.105428606,0.314998537,0.166081216,0.078491509,0.277018666,0.717525158,0.605377174,0.814933397,0.559634695,0.235707551,0.91970247,3.296688118,0.652747339,42.5223622,713.6265385,150.2492092,14581.44311
3/1/2024,0.176805366,0.099129841,0.246795371,0.140064778,0.079061978,0.220263645,0.676746885,0.599078734,0.74673479,0.430712442,0.220075756,0.655321002,-46.63484178,-1226.25,73.16455696,178368.31,-2147.595874,5293341.329
3/6/2024,0.204006065,0.100732915,0.29991287,0.15608358,0.071511529,0.249448121,0.703946298,0.600681721,0.799849536,0.515014145,0.224033356,0.856787324,3.560476943,0.778451001,12.17032967,759.9265205,174.3060377,2836.245445
3/11/2024,0.201192722,0.103712335,0.29012984,0.156960006,0.079277225,0.250304848,0.701134399,0.603662089,0.790067707,0.505791854,0.231426448,0.817416847,4.476760094,0.821682933,18.30578512,986.589308,182.6064689,4664.797035
3/16/2024,0.201296047,0.096914098,0.286041915,0.154522697,0.07293196,0.247468546,0.701237981,0.596864315,0.785979752,0.506697501,0.214628741,0.801284909,3.223883941,0.733215548,8.231046931,675.1925575,165.6356299,1807.951407
3/21/2024,0.218768887,0.101288535,0.297642171,0.171372088,0.080579348,0.248764351,0.7187105,0.601239501,0.797580097,0.563528944,0.225408345,0.847551405,2.26332227,0.574574389,4.274247635,469.9728973,135.3471929,889.810926
3/26/2024,0.234650499,0.096087635,0.311475396,0.173517621,0.070375189,0.252213389,0.734593832,0.596040998,0.811415219,0.618244097,0.212603882,0.90476191,1.688440978,0.42775533,2.852748252,353.0140795,107.4805603,588.0367371